agent_id,market_id,first_name,last_name,buyer_customers_sent_2024,seller_customers_sent_2024,buyer_closes_2024,seller_closes_2024,customer_reviews_2024,avg_rating_2024
hiroshi_thompson_560,cleveland_oh,Hiroshi,Thompson,69,131,18,18,5,4.11
ali_nelson_663,phoenix_az,Ali,Nelson,24,226,4,32,1,2.94
kwame_singh_576,salt_lake_city_ut,Kwame,Singh,141,73,16,25,6,2.58
hao_jackson_527,st_louis_mo,Hao,Jackson,7,272,1,40,6,2
camila_mohamed_261,kansas_city_mo,Camila,Mohamed,132,35,14,10,1,2.74
daniel_kim_165,fresno_ca,Daniel,Kim,27,225,5,30,1,2.39
christopher_smith_23,miami_fl,Christopher,Smith,125,154,23,21,1,3.94
mina_garcia_547,richmond_va,Mina,Garcia,41,32,5,8,1,3.37
camila_nguyen_189,philadelphia_pa,Camila,Nguyen,95,34,21,8,5,2.6
malik_mitchell_314,detroit_mi,Malik,Mitchell,147,97,27,48,7,3.24
tanya_young_212,las_vegas_nv,Tanya,Young,160,67,27,11,6,3.2
yuki_ramirez_397,philadelphia_pa,Yuki,Ramirez,90,51,10,15,3,2.69
ebony_garcia_320,miami_fl,Ebony,Garcia,46,208,13,27,5,4.18
daniel_white_267,cincinnati_oh,Daniel,White,14,128,2,46,5,3.66
patricia_carter_948,new_york_ny,Patricia,Carter,150,288,15,34,3,4.12
emily_green_392,providence_ri,Emily,Green,106,92,18,22,1,4.22
asha_torres_989,cincinnati_oh,Asha,Torres,225,4,25,1,2,4.03
yuki_ali_72,fresno_ca,Yuki,Ali,167,231,28,49,11,3.44
arjun_robinson_452,atlanta_ga,Arjun,Robinson,45,181,6,44,7,2.92
kenji_kim_889,boston_ma,Kenji,Kim,224,415,24,42,3,2.14
robert_hill_774,philadelphia_pa,Robert,Hill,57,6,10,1,2,4.1
mohammed_green_496,st_louis_mo,Mohammed,Green,259,165,26,49,3,3.45
minh_ali_996,atlanta_ga,Minh,Ali,197,8,21,1,3,3.23
lakshmi_evans_926,atlanta_ga,Lakshmi,Evans,189,108,23,11,4,3.33
linda_nguyen_790,portland_or,Linda,Nguyen,29,274,4,38,2,4.4
kenji_hernandez_461,baltimore_md,Kenji,Hernandez,49,311,13,48,12,3.21
layla_white_873,portland_or,Layla,White,20,153,5,35,6,3.12
jennifer_torres_76,san_jose_ca,Jennifer,Torres,152,5,26,1,3,3.31
ana_thompson_488,pittsburgh_pa,Ana,Thompson,20,22,3,3,1,2.87
ebony_nelson_385,virginia_beach_va,Ebony,Nelson,46,290,6,50,8,4.48
kenji_smith_102,san_jose_ca,Kenji,Smith,93,50,14,5,3,2.48
matthew_lopez_685,indianapolis_in,Matthew,Lopez,61,197,16,23,3,3.59
mina_hill_351,fresno_ca,Mina,Hill,164,113,19,42,9,4.56
layla_young_476,sacramento_ca,Layla,Young,263,10,28,4,5,2.18
john_gonzalez_78,boston_ma,John,Gonzalez,152,125,26,16,2,2.9
elizabeth_abdullah_554,minneapolis_mn,Elizabeth,Abdullah,13,166,3,29,2,3.06
imani_robinson_461,birmingham_al,Imani,Robinson,168,99,18,10,2,3.09
david_hassan_310,austin_tx,David,Hassan,108,40,29,17,3,2.64
robert_garcia_953,riverside_ca,Robert,Garcia,77,21,8,9,1,3.44
keisha_ramirez_99,portland_or,Keisha,Ramirez,107,430,17,47,4,4.34
juan_harris_759,raleigh_nc,Juan,Harris,209,141,24,19,1,3.14
michael_lewis_922,orlando_fla,Michael,Lewis,168,375,24,42,12,3.82
tanya_perez_957,new_york_ny,Tanya,Perez,222,67,24,10,3,2.41
wei_adams_970,grand_rapids_mi,Wei,Adams,152,67,26,17,7,4.34
latoya_thompson_977,orlando_fl,Latoya,Thompson,195,16,29,4,3,3.07
christopher_garcia_933,new_york_ny,Christopher,Garcia,167,292,20,33,2,2.66
barbara_young_959,detroit_mi,Barbara,Young,144,130,24,44,7,4.98
linda_khan_144,pittsburgh_pa,Linda,Khan,115,85,24,14,3,4.08
john_washington_637,nashville_tn,John,Washington,29,110,3,35,5,2.62
emily_walker_196,chicago_il,Emily,Walker,22,51,6,15,3,3.68
robert_lopez_576,charlotte_nc,Robert,Lopez,18,186,2,19,2,4.96
michael_robinson_545,salt_lake_city_ut,Michael,Robinson,69,140,7,44,10,3.16
imani_kim_217,virginia_beach_va,Imani,Kim,28,116,6,36,3,3.17
robert_brown_844,tampa_fl,Robert,Brown,170,93,18,17,4,3.58
asha_ramirez_805,miami_fl,Asha,Ramirez,54,278,8,38,8,2.26
mary_ramirez_279,indianapolis_in,Mary,Ramirez,215,48,29,9,7,3.79
zainab_abdullah_560,providence_ri,Zainab,Abdullah,26,114,5,39,6,3.37
robert_lewis_585,grand_rapids_mi,Robert,Lewis,161,202,27,40,12,3.34
aisha_smith_672,chicago_il,Aisha,Smith,84,195,9,32,6,2.66
dorothy_robinson_743,san_francisco_ca,Dorothy,Robinson,74,277,20,40,11,3.09
elizabeth_davis_895,orlando_fl,Elizabeth,Davis,83,218,13,24,6,4.78
haruka_khan_598,dallas_tx,Haruka,Khan,183,78,21,34,3,3.41
margaret_tran_693,indianapolis_in,Margaret,Tran,82,27,26,4,5,4.37
hiroshi_singh_927,kansas_city_mo,Hiroshi,Singh,179,143,29,31,9,2.21
mei_nguyen_346,salt_lake_city_ut,Mei,Nguyen,239,173,25,34,6,3.38
sarah_patel_398,portland_or,Sarah,Patel,236,150,27,25,3,4.53
jessica_mohamed_971,baltimore_md,Jessica,Mohamed,35,21,6,4,2,3.52
ana_mitchell_446,philadelphia_pa,Ana,Mitchell,23,18,4,8,2,2.18
hao_kim_684,seattle_wa,Hao,Kim,68,166,7,27,6,3.39
aya_jackson_584,indianapolis_in,Aya,Jackson,21,96,3,24,2,3.28
aisha_nelson_615,providence_ri,Aisha,Nelson,114,212,16,24,4,4.2
arjun_brown_10,indianapolis_in,Arjun,Brown,52,20,14,2,3,2.34
jennifer_gonzalez_132,nashville_tn,Jennifer,Gonzalez,33,194,4,28,1,4.13
christopher_harris_499,kansas_city_mo,Christopher,Harris,116,410,16,41,6,2.17
omar_nelson_812,virginia_beach_va,Omar,Nelson,61,71,17,15,5,4.96
hana_scott_274,grand_rapids_mi,Hana,Scott,14,97,2,17,3,3.63
sanjay_parker_479,milwaukee_wi,Sanjay,Parker,155,31,29,12,2,2.24
yuki_lewis_420,buffalo_ny,Yuki,Lewis,45,423,9,45,8,4.62
emily_khan_248,philadelphia_pa,Emily,Khan,27,51,4,21,4,2.77
ebony_mitchell_272,salt_lake_city_ut,Ebony,Mitchell,116,244,12,27,6,3.77
barbara_hernandez_388,philadelphia_pa,Barbara,Hernandez,166,188,21,35,6,2.7
tanya_white_55,seattle_wa,Tanya,White,126,54,29,7,2,4.54
amanda_hall_792,new_york_ny,Amanda,Hall,45,208,11,50,10,3.13
haruka_young_922,milwaukee_wi,Haruka,Young,146,102,20,27,1,2.54
ling_parker_768,denver_co,Ling,Parker,159,172,17,19,6,4.51
takeshi_baker_821,washington_dc,Takeshi,Baker,34,296,8,34,3,2.47
jason_garcia_337,boston_ma,Jason,Garcia,93,209,28,33,12,2.1
jessica_garcia_415,las_vegas_nv,Jessica,Garcia,56,209,17,39,6,4.61
john_green_291,new_york_ny,John,Green,78,38,8,4,1,2.21
emily_gonzalez_560,houston_tx,Emily,Gonzalez,194,384,24,47,11,4.48
tanya_king_399,indianapolis_in,Tanya,King,22,119,4,21,4,4.99
james_rodriguez_654,buffalo_ny,James,Rodriguez,83,100,21,38,2,4.58
patricia_patel_670,chicago_il,Patricia,Patel,66,90,11,10,1,2.77
haruka_smith_116,jacksonville_fl,Haruka,Smith,153,60,19,10,1,2.98
aisha_green_653,louisville_ky,Aisha,Green,100,48,10,8,2,4.16
jennifer_davis_291,atlanta_ga,Jennifer,Davis,79,28,13,6,2,4.32
charles_hall_109,nashville_tn,Charles,Hall,121,15,18,6,4,4.1
malik_thompson_463,orlando_fl,Malik,Thompson,33,415,6,48,5,3.68
christopher_jackson_876,miami_fl,Christopher,Jackson,99,12,20,2,1,4.35
ebony_gonzalez_320,st_louis_mo,Ebony,Gonzalez,77,222,14,23,2,3.47
jason_walker_396,indianapolis_in,Jason,Walker,189,39,21,4,4,3.52
tanya_harris_873,virginia_beach_va,Tanya,Harris,39,477,5,50,1,3.48
latoya_lewis_862,denver_co,Latoya,Lewis,288,405,29,48,6,3.6
david_williams_651,washington_dc,David,Williams,23,168,7,48,5,2.46
carlos_hill_509,baltimore_md,Carlos,Hill,117,163,18,28,5,3.74
omar_hassan_963,virginia_beach_va,Omar,Hassan,44,22,10,3,2,3.32
jin_carter_761,sacramento_ca,Jin,Carter,180,91,30,26,7,4.79
yuki_thompson_532,minneapolis_mn,Yuki,Thompson,72,349,19,50,3,4.45
maria_lewis_193,pittsburgh_pa,Maria,Lewis,84,187,26,36,6,4.75
john_jackson_315,san_antonio_tx,John,Jackson,93,192,11,34,2,3.73
hana_torres_930,memphis_tn,Hana,Torres,59,106,11,13,3,4.43
minh_mohamed_224,virginia_beach_va,Minh,Mohamed,105,255,30,30,12,4.27
takeshi_evans_952,san_francisco_ca,Takeshi,Evans,48,317,14,48,11,2.66
haruka_khan_777,birmingham_al,Haruka,Khan,46,429,7,44,7,4.41
joseph_evans_855,phoenix_az,Joseph,Evans,229,356,28,39,12,4.12
lakshmi_lewis_878,grand_rapids_mi,Lakshmi,Lewis,165,6,30,1,3,4.38
michael_lewis_39,san_francisco_ca,Michael,Lewis,144,75,21,18,7,4.95
camila_mitchell_463,dallas_tx,Camila,Mitchell,187,67,25,10,5,3.46
takeshi_evans_885,denver_co,Takeshi,Evans,96,264,22,27,3,4.64
luis_green_96,richmond_va,Luis,Green,178,316,26,49,8,2.6
yuki_gonzalez_576,milwaukee_wi,Yuki,Gonzalez,73,120,14,47,3,3.22
omar_mitchell_959,dallas_tx,Omar,Mitchell,172,145,24,21,4,4.96
zainab_torres_559,salt_lake_city_ut,Zainab,Torres,264,276,28,33,12,3.56
takeshi_torres_304,los_angeles_ca,Takeshi,Torres,195,215,28,22,1,4.91
daniel_ramirez_638,pittsburgh_pa,Daniel,Ramirez,53,411,11,44,6,2.12
mei_washington_208,st_louis_mo,Mei,Washington,293,64,30,7,7,2.07
michael_garcia_49,jacksonville_fl,Michael,Garcia,268,173,28,19,9,4.49
maria_singh_679,austin_tx,Maria,Singh,44,18,11,2,2,2.68
amanda_robinson_243,chicago_il,Amanda,Robinson,58,51,6,12,2,3.38
priya_young_89,los_angeles_ca,Priya,Young,135,141,24,21,6,2.65
miguel_smith_839,portland_or,Miguel,Smith,73,196,18,24,2,3.06
hiroshi_thompson_32,atlanta_ga,Hiroshi,Thompson,36,141,9,50,5,3.97
ahmad_williams_483,kansas_city_mo,Ahmad,Williams,55,7,13,2,2,2.49
jose_scott_754,dallas_tx,Jose,Scott,182,88,27,23,2,2.15
haruka_hall_87,baltimore_md,Haruka,Hall,142,211,21,23,1,5
charles_adams_753,phoenix_az,Charles,Adams,152,299,24,35,9,3.59
charles_parker_639,orlando_fl,Charles,Parker,11,133,3,15,3,4.1
camila_singh_380,las_vegas_nv,Camila,Singh,150,75,17,36,7,3.59
latoya_robinson_252,columbus_oh,Latoya,Robinson,119,149,18,32,4,2.26
arjun_ramirez_661,richmond_va,Arjun,Ramirez,110,11,20,2,3,4.58
susan_harris_46,memphis_tn,Susan,Harris,164,77,19,33,2,2.11
matthew_kim_102,virginia_beach_va,Matthew,Kim,120,262,13,37,4,4.23
jamal_thompson_459,kansas_city_mo,Jamal,Thompson,186,456,28,49,15,2.87
juan_singh_334,san_jose_ca,Juan,Singh,84,82,9,27,1,4.48
mei_tran_609,birmingham_al,Mei,Tran,88,335,24,44,11,3.51
fatima_robinson_544,baltimore_md,Fatima,Robinson,213,61,30,16,1,2.29
daniel_hernandez_792,charlotte_nc,Daniel,Hernandez,66,319,12,43,4,3.14
priya_mohamed_314,richmond_va,Priya,Mohamed,154,222,24,30,6,2.58
hiroshi_jackson_353,virginia_beach_va,Hiroshi,Jackson,91,252,30,31,1,4.55
minh_kim_554,tampa_fl,Minh,Kim,90,426,13,45,10,4.91
ana_white_139,birmingham_al,Ana,White,191,125,22,14,4,3.89
christopher_white_384,pittsburgh_pa,Christopher,White,105,140,11,38,5,2.05
anthony_ali_118,seattle_wa,Anthony,Ali,97,213,30,44,7,3.78
patricia_campbell_460,san_jose_ca,Patricia,Campbell,184,106,30,36,10,4.23
isabella_ali_502,cleveland_oh,Isabella,Ali,61,387,9,50,3,2.26
jason_white_970,tampa_fl,Jason,White,83,160,26,23,1,2.87
raj_jackson_503,dallas_tx,Raj,Jackson,31,150,9,25,4,3.36
michael_hall_387,portland_or,Michael,Hall,142,384,29,47,3,2.3
david_carter_683,sacramento_ca,David,Carter,142,133,21,21,5,2.38
emily_singh_612,san_diego_ca,Emily,Singh,63,12,16,5,3,3.56
carlos_garcia_516,las_vegas_nv,Carlos,Garcia,102,64,11,30,5,3.36
carlos_young_983,st_louis_mo,Carlos,Young,158,291,22,35,1,3.28
hao_patel_91,minneapolis_mn,Hao,Patel,134,47,27,12,3,3.22
priya_hall_354,richmond_va,Priya,Hall,6,290,1,39,1,3.31
aisha_lopez_898,austin_tx,Aisha,Lopez,87,90,13,31,7,3
matthew_hassan_173,riverside_ca,Matthew,Hassan,21,118,3,15,1,4.39
dorothy_adams_10,grand_rapids_mi,Dorothy,Adams,137,37,22,5,1,4.49
carlos_martinez_859,virginia_beach_va,Carlos,Martinez,79,75,21,33,4,2.57
mina_jackson_2,raleigh_nc,Mina,Jackson,41,292,11,30,8,2.03
malik_rodriguez_436,detroit_mi,Malik,Rodriguez,238,293,29,33,8,2.09
michael_garcia_22,cleveland_oh,Michael,Garcia,64,21,7,3,2,2.66
daniel_smith_15,houston_tx,Daniel,Smith,102,284,25,50,10,3.22
lakshmi_nelson_232,las_vegas_nv,Lakshmi,Nelson,274,414,28,42,9,2.31
luis_clark_414,buffalo_ny,Luis,Clark,168,231,28,34,1,3.69
daniel_harris_477,milwaukee_wi,Daniel,Harris,263,29,30,8,7,2.25
charles_jones_839,salt_lake_city_ut,Charles,Jones,105,98,12,41,9,3.22
keisha_ramirez_453,charlotte_nc,Keisha,Ramirez,152,96,18,27,8,2.04
aya_gonzalez_628,denver_co,Aya,Gonzalez,57,60,8,16,2,4.17
haruka_harris_789,seattle_wa,Haruka,Harris,23,283,3,34,1,3.03
kwame_jackson_477,seattle_wa,Kwame,Jackson,42,161,7,18,1,4.33
mei_smith_519,houston_tx,Mei,Smith,90,268,11,49,3,3.95
luis_hernandez_443,denver_co,Luis,Hernandez,134,265,20,27,4,2.46
charles_hassan_106,memphis_tn,Charles,Hassan,211,126,28,32,3,4.67
miguel_adams_229,los_angeles_ca,Miguel,Adams,135,181,22,34,11,2.59
joseph_green_30,buffalo_ny,Joseph,Green,221,67,29,14,3,4.03
susan_ali_437,raleigh_nc,Susan,Ali,67,40,18,4,2,4.1
matthew_ramirez_368,los_angeles_ca,Matthew,Ramirez,188,188,20,32,2,3.81
hiroshi_nelson_577,orlando_fl,Hiroshi,Nelson,138,89,15,36,8,2.4
amanda_clark_692,memphis_tn,Amanda,Clark,21,46,4,7,1,2.11
tanya_walker_782,san_diego_ca,Tanya,Walker,165,306,26,34,6,2.29
aisha_perez_62,san_diego_ca,Aisha,Perez,178,378,21,38,7,4.37
haruka_mitchell_361,buffalo_ny,Haruka,Mitchell,183,294,28,47,9,3.53
aisha_washington_223,san_antonio_tx,Aisha,Washington,239,222,27,47,2,3.73
mei_brown_300,portland_or,Mei,Brown,206,244,23,29,7,2.43
isabella_torres_56,san_jose_ca,Isabella,Torres,189,152,22,22,7,2.06
aya_hassan_395,los_angeles_ca,Aya,Hassan,107,251,28,30,5,2.02
ebony_scott_562,cincinnati_oh,Ebony,Scott,88,40,9,9,3,4.69
arjun_williams_395,providence_ri,Arjun,Williams,79,196,14,20,3,4.72
dorothy_lewis_717,memphis_tn,Dorothy,Lewis,54,271,11,39,5,2.48
mohammed_green_28,riverside_ca,Mohammed,Green,270,142,30,35,1,2.02
ashley_washington_238,cleveland_oh,Ashley,Washington,35,69,5,15,1,4.61
takeshi_green_155,san_diego_ca,Takeshi,Green,91,63,27,20,3,3.89
jason_allen_167,baltimore_md,Jason,Allen,32,309,9,45,8,3.43
kenji_nguyen_367,sacramento_ca,Kenji,Nguyen,261,61,28,8,3,3.29
john_rodriguez_178,cleveland_oh,John,Rodriguez,82,150,10,42,2,4.57
richard_perez_533,indianapolis_in,Richard,Perez,85,98,26,15,3,4.28
camila_kim_916,milwaukee_wi,Camila,Kim,95,34,11,12,3,4.94
fatima_thompson_146,tampa_fl,Fatima,Thompson,48,37,5,7,1,4.98
sanjay_smith_885,buffalo_ny,Sanjay,Smith,248,87,27,11,5,2.82
susan_rodriguez_670,minneapolis_mn,Susan,Rodriguez,31,186,7,23,4,3.07
hiroshi_torres_322,orlando_fl,Hiroshi,Torres,116,54,18,18,4,3.85
kenji_clark_504,raleigh_nc,Kenji,Clark,65,297,13,44,6,3.29
james_campbell_857,los_angeles_ca,James,Campbell,179,111,20,37,9,2.59
omar_mohamed_103,kansas_city_mo,Omar,Mohamed,39,271,12,43,8,4.23
elizabeth_kim_278,sacramento_ca,Elizabeth,Kim,45,68,8,15,2,3.02
aisha_abdullah_290,phoenix_az,Aisha,Abdullah,133,261,28,29,6,2.93
aisha_ramirez_396,tampa_fl,Aisha,Ramirez,187,24,21,3,3,3.28
david_ramirez_806,seattle_wa,David,Ramirez,199,15,28,2,4,4.87
tyrone_jones_289,louisville_ky,Tyrone,Jones,124,146,25,47,6,4.89
hana_nguyen_805,tampa_fl,Hana,Nguyen,56,119,8,12,1,4.67
juan_hill_434,san_jose_ca,Juan,Hill,119,379,26,42,9,4.76
yuki_johnson_764,orlando_fl,Yuki,Johnson,208,33,26,4,3,4.7
anthony_gonzalez_634,atlanta_ga,Anthony,Gonzalez,55,20,11,2,1,3.3
dorothy_gonzalez_346,cincinnati_oh,Dorothy,Gonzalez,84,175,21,33,2,3.1
christopher_smith_806,orlando_fl,Christopher,Smith,150,57,25,21,8,3.62
patricia_brown_50,portland_or,Patricia,Brown,43,78,5,12,2,4.04
mohammed_hall_608,miami_fl,Mohammed,Hall,156,200,19,29,2,3.12
elizabeth_thompson_272,st_louis_mo,Elizabeth,Thompson,19,81,4,22,2,3.66
hana_robinson_513,san_antonio_tx,Hana,Robinson,108,79,13,13,3,4.28
jessica_mitchell_182,virginia_beach_va,Jessica,Mitchell,267,412,28,45,12,4
jin_harris_955,new_york_ny,Jin,Harris,123,87,22,41,7,3.96
jamal_brown_791,detroit_mi,Jamal,Brown,75,260,22,31,10,3.86
charles_green_824,phoenix_az,Charles,Green,82,243,11,34,7,3.41
omar_tran_870,nashville_tn,Omar,Tran,22,32,5,13,3,2.9
aya_williams_464,cincinnati_oh,Aya,Williams,72,44,23,16,3,3.19
susan_gonzalez_144,tampa_fl,Susan,Gonzalez,96,418,15,46,2,2.46
dorothy_kim_754,boston_ma,Dorothy,Kim,100,284,21,36,2,4.75
david_khan_140,los_angeles_ca,David,Khan,266,47,27,12,5,3.58
tanya_tran_356,jacksonville_fl,Tanya,Tran,52,212,6,22,4,2.19
patricia_young_347,dallas_tx,Patricia,Young,69,91,22,35,11,2.4
hiroshi_perez_356,san_jose_ca,Hiroshi,Perez,37,303,9,50,4,3.92
nia_kim_214,miami_fl,Nia,Kim,216,42,22,7,2,4.99
latoya_scott_543,san_francisco_ca,Latoya,Scott,30,33,4,16,3,2.41
carlos_jones_225,providence_ri,Carlos,Jones,231,192,30,24,4,4.62
yuki_hassan_472,new_york_ny,Yuki,Hassan,105,280,17,32,1,3.66
minh_tran_447,san_antonio_tx,Minh,Tran,158,239,16,45,2,4.55
lucia_white_40,cleveland_oh,Lucia,White,223,87,25,10,1,3.41
charles_thompson_19,phoenix_az,Charles,Thompson,88,113,21,28,5,2.29
aya_nguyen_76,san_francisco_ca,Aya,Nguyen,35,302,4,37,7,3.16
sarah_scott_121,pittsburgh_pa,Sarah,Scott,78,61,19,19,1,2.01
yuki_scott_831,memphis_tn,Yuki,Scott,162,162,30,26,5,4.03
sofia_hall_448,philadelphia_pa,Sofia,Hall,83,470,18,49,4,4.03
jessica_parker_103,detroit_mi,Jessica,Parker,84,341,14,39,7,2.79
james_scott_826,los_angeles_ca,James,Scott,120,327,13,34,4,2.95
camila_nelson_261,birmingham_al,Camila,Nelson,276,298,30,31,9,4.04
darnell_evans_774,miami_fl,Darnell,Evans,39,160,8,34,8,3.16
sofia_baker_722,oklahoma_city_ok,Sofia,Baker,116,302,21,41,9,4.14
patricia_mitchell_756,milwaukee_wi,Patricia,Mitchell,187,406,24,42,10,4.8
jamal_williams_584,washington_dc,Jamal,Williams,88,130,18,40,7,2.52
michael_robinson_36,riverside_ca,Michael,Robinson,170,57,22,12,6,2.65
arjun_ramirez_306,cleveland_oh,Arjun,Ramirez,33,98,7,11,1,2.32
imani_allen_237,boston_ma,Imani,Allen,23,104,3,13,1,3.21
jamal_lewis_667,louisville_ky,Jamal,Lewis,190,380,19,47,10,4.56
ahmad_ramirez_355,salt_lake_city_ut,Ahmad,Ramirez,68,288,8,34,4,3.67
minh_lopez_13,washington_dc,Minh,Lopez,201,9,24,4,5,3.58
lakshmi_mohamed_440,miami_fl,Lakshmi,Mohamed,170,184,24,47,12,4.63
matthew_baker_942,minneapolis_mn,Matthew,Baker,193,51,30,8,4,2.54
barbara_mitchell_911,las_vegas_nv,Barbara,Mitchell,177,107,26,19,9,2.93
christopher_rodriguez_734,dallas_tx,Christopher,Rodriguez,263,78,30,34,5,4.75
charles_scott_320,sacramento_ca,Charles,Scott,76,230,17,42,11,4.28
linda_washington_623,salt_lake_city_ut,Linda,Washington,44,4,12,1,2,4.78
layla_campbell_987,san_francisco_ca,Layla,Campbell,136,287,17,34,9,4.61
priya_green_358,detroit_mi,Priya,Green,17,272,2,36,1,4.35
patricia_khan_487,san_diego_ca,Patricia,Khan,8,407,1,41,7,4.46
camila_williams_913,orlando_fl,Camila,Williams,122,39,18,13,4,4.42
lucia_williams_206,buffalo_ny,Lucia,Williams,221,65,26,24,7,2.65
mary_hill_779,st_louis_mo,Mary,Hill,77,214,17,42,1,4.76
lucia_allen_892,cleveland_oh,Lucia,Allen,8,343,1,40,6,3.61
luis_kim_341,baltimore_md,Luis,Kim,71,53,9,7,2,3.58
amanda_evans_989,las_vegas_nv,Amanda,Evans,75,116,10,15,4,2.61
charles_washington_756,grand_rapids_mi,Charles,Washington,71,138,20,34,10,2.5
jennifer_walker_916,cleveland_oh,Jennifer,Walker,97,44,13,6,1,4.88
darnell_johnson_691,indianapolis_in,Darnell,Johnson,144,112,24,18,4,4.25
wei_white_29,atlanta_ga,Wei,White,60,9,8,1,1,2.68
anthony_williams_805,charlotte_nc,Anthony,Williams,94,178,11,37,7,4.96
luis_hall_706,richmond_va,Luis,Hall,56,44,10,18,2,4.84
christopher_hall_944,nashville_tn,Christopher,Hall,122,106,19,28,8,4.74
nia_abdullah_532,indianapolis_in,Nia,Abdullah,10,357,2,41,4,2.01
anthony_ramirez_561,chicago_il,Anthony,Ramirez,149,26,26,7,4,2.76
barbara_carter_360,dallas_tx,Barbara,Carter,91,159,13,25,5,4.69
asha_nguyen_539,providence_ri,Asha,Nguyen,76,178,18,18,2,3.04
ana_jones_845,washington_dc,Ana,Jones,17,268,4,44,2,2.89
raj_hill_659,raleigh_nc,Raj,Hill,12,105,3,43,9,4.84
joseph_torres_894,st_louis_mo,Joseph,Torres,289,75,30,23,5,3.83
asha_hernandez_786,las_vegas_nv,Asha,Hernandez,143,153,27,21,8,4.32
ana_garcia_53,oklahoma_city_ok,Ana,Garcia,73,147,13,28,5,3.72
jose_garcia_8,louisville_ky,Jose,Garcia,97,188,26,38,9,2.58
emily_ali_726,dallas_tx,Emily,Ali,56,23,8,5,1,4.52
emily_ramirez_702,memphis_tn,Emily,Ramirez,89,99,9,34,7,2.54
elizabeth_hassan_112,indianapolis_in,Elizabeth,Hassan,90,312,9,48,8,4.01
hana_white_510,salt_lake_city_ut,Hana,White,49,55,8,9,2,4.37
lucia_smith_808,birmingham_al,Lucia,Smith,242,28,29,13,8,3.54
jose_abdullah_641,milwaukee_wi,Jose,Abdullah,169,410,27,43,14,2.02
barbara_hall_80,cincinnati_oh,Barbara,Hall,118,111,13,42,8,3.11
jessica_davis_673,dallas_tx,Jessica,Davis,274,54,30,15,7,3.29
mei_thompson_435,milwaukee_wi,Mei,Thompson,88,50,18,24,4,2.94
barbara_smith_82,birmingham_al,Barbara,Smith,99,99,15,13,4,4.47
ali_walker_49,philadelphia_pa,Ali,Walker,48,126,6,42,9,4.42
matthew_walker_279,san_francisco_ca,Matthew,Walker,40,55,9,14,1,4.33
nia_harris_171,pittsburgh_pa,Nia,Harris,141,88,15,31,2,3.75
haruka_mohamed_606,houston_tx,Haruka,Mohamed,79,185,24,24,1,4.28
jessica_parker_473,philadelphia_pa,Jessica,Parker,108,204,11,27,4,2.48
hao_baker_264,washington_dc,Hao,Baker,149,165,22,32,1,2.05
amanda_baker_305,sacramento_ca,Amanda,Baker,182,353,19,41,7,4.86
takeshi_ali_642,cincinnati_oh,Takeshi,Ali,211,102,22,16,4,4.46
jennifer_lewis_656,chicago_il,Jennifer,Lewis,70,201,14,48,5,2.08
isabella_hill_209,grand_rapids_mi,Isabella,Hill,8,79,1,35,7,4.09
ashley_williams_762,tampa_fl,Ashley,Williams,274,27,28,5,6,2.69
nia_thompson_808,atlanta_ga,Nia,Thompson,12,300,3,33,7,2.97
jamal_ali_328,milwaukee_wi,Jamal,Ali,21,255,3,27,1,2.36
jennifer_jackson_416,detroit_mi,Jennifer,Jackson,121,221,16,24,7,3.4
tanya_walker_380,sacramento_ca,Tanya,Walker,96,95,13,17,4,3.18
mohammed_khan_756,houston_tx,Mohammed,Khan,67,126,9,23,6,2
mohammed_hernandez_381,san_diego_ca,Mohammed,Hernandez,132,103,26,18,6,4.07
ali_thompson_359,nashville_tn,Ali,Thompson,26,230,3,25,5,4.52
jessica_jackson_52,san_diego_ca,Jessica,Jackson,12,193,3,36,4,3.09
mary_abdullah_270,virginia_beach_va,Mary,Abdullah,134,235,14,26,7,4.31
susan_hall_54,san_diego_ca,Susan,Hall,43,72,7,25,3,2.84
joseph_walker_394,san_antonio_tx,Joseph,Walker,69,12,22,5,3,2.75
linda_tran_301,dallas_tx,Linda,Tran,164,135,23,21,6,3.22
hao_smith_990,buffalo_ny,Hao,Smith,25,296,3,40,1,3.98
james_ramirez_50,columbus_oh,James,Ramirez,141,167,17,31,5,4.34
ebony_nelson_55,san_francisco_ca,Ebony,Nelson,184,50,26,10,1,3.15
sarah_perez_492,san_antonio_tx,Sarah,Perez,65,377,13,38,3,4.16
patricia_jackson_538,fresno_ca,Patricia,Jackson,134,29,15,4,2,2.99
lakshmi_mitchell_377,miami_fl,Lakshmi,Mitchell,120,130,27,25,7,4.67
arjun_williams_858,boston_ma,Arjun,Williams,16,347,2,50,9,3.09
aisha_white_2,cleveland_oh,Aisha,White,113,71,17,27,5,3.96
hao_jones_32,miami_fl,Hao,Jones,40,77,11,8,3,2.71
imani_mohamed_940,washington_dc,Imani,Mohamed,220,206,22,50,4,2.82
dorothy_mohamed_578,milwaukee_wi,Dorothy,Mohamed,10,161,1,21,4,2.87
james_jackson_395,buffalo_ny,James,Jackson,94,227,16,30,4,3.59
ana_smith_902,virginia_beach_va,Ana,Smith,166,129,24,15,7,4.68
jennifer_parker_273,detroit_mi,Jennifer,Parker,34,386,4,40,3,3.84
keisha_nguyen_114,miami_fl,Keisha,Nguyen,109,74,16,22,5,3.81
keisha_khan_818,providence_ri,Keisha,Khan,74,40,8,14,3,4.54
camila_robinson_734,los_angeles_ca,Camila,Robinson,93,192,28,44,14,3.59
miguel_kim_136,indianapolis_in,Miguel,Kim,174,115,21,32,5,4.11
mohammed_carter_639,baltimore_md,Mohammed,Carter,77,293,23,39,5,4.79
latoya_robinson_601,las_vegas_nv,Latoya,Robinson,43,413,11,47,6,4.5
jamal_evans_321,san_antonio_tx,Jamal,Evans,46,216,8,46,4,2.63
dorothy_martinez_83,kansas_city_mo,Dorothy,Martinez,18,280,4,29,3,3.87
anthony_brown_500,minneapolis_mn,Anthony,Brown,77,20,18,3,1,3.24
jose_hernandez_319,austin_tx,Jose,Hernandez,105,313,13,50,7,2.3
keisha_washington_506,detroit_mi,Keisha,Washington,117,90,28,15,3,3.78
jessica_walker_533,cincinnati_oh,Jessica,Walker,67,41,10,14,1,3.83
amanda_tran_404,jacksonville_fl,Amanda,Tran,30,15,6,6,1,4.89
haruka_hall_364,indianapolis_in,Haruka,Hall,60,23,13,7,2,4.95
mina_young_398,new_york_ny,Mina,Young,24,65,4,9,2,3.84
michael_hernandez_312,virginia_beach_va,Michael,Hernandez,131,179,15,30,9,4.94
daniel_mohamed_821,austin_tx,Daniel,Mohamed,180,387,18,47,12,3.56
john_ramirez_431,denver_co,John,Ramirez,8,353,1,37,3,4.44
amanda_martinez_519,chicago_il,Amanda,Martinez,11,52,3,13,1,4.41
margaret_campbell_122,dallas_tx,Margaret,Campbell,157,443,19,50,3,4.98
john_tran_129,seattle_wa,John,Tran,101,315,25,42,8,2.83
richard_davis_166,boston_ma,Richard,Davis,190,221,21,23,1,2.48
keisha_brown_997,birmingham_al,Keisha,Brown,86,22,17,5,1,3.03
juan_allen_879,boston_ma,Juan,Allen,140,307,27,39,5,4.71
jennifer_baker_996,pittsburgh_pa,Jennifer,Baker,194,91,28,15,8,3.95
mohammed_rodriguez_662,providence_ri,Mohammed,Rodriguez,201,155,28,36,11,2.93
mina_patel_449,st_louis_mo,Mina,Patel,60,112,8,14,1,4.34
amanda_khan_445,louisville_ky,Amanda,Khan,81,164,13,48,6,4.69
arjun_patel_669,memphis_tn,Arjun,Patel,140,204,18,46,6,4.88
latoya_lewis_372,seattle_wa,Latoya,Lewis,152,124,25,27,7,4.84
amanda_gonzalez_353,grand_rapids_mi,Amanda,Gonzalez,114,146,14,32,5,4.51
jamal_young_798,baltimore_md,Jamal,Young,194,196,25,22,9,4.41
zainab_allen_321,louisville_ky,Zainab,Allen,184,46,29,5,4,2.2
minh_allen_504,jacksonville_fl,Minh,Allen,58,65,12,14,3,2.43
ahmad_green_733,louisville_ky,Ahmad,Green,188,25,26,3,4,2.49
keisha_baker_331,st_louis_mo,Keisha,Baker,52,259,9,49,9,3.95
omar_martinez_412,new_york_ny,Omar,Martinez,195,47,27,23,7,3.74
layla_robinson_952,phoenix_az,Layla,Robinson,80,90,14,13,3,2.62
ahmad_jefferson_780,minneapolis_mn,Ahmad,Jefferson,181,461,20,50,2,3.48
haruka_rodriguez_572,oklahoma_city_ok,Haruka,Rodriguez,83,298,22,39,11,2.56
jamal_mohamed_10,milwaukee_wi,Jamal,Mohamed,206,173,26,26,7,4.35
isabella_johnson_319,pittsburgh_pa,Isabella,Johnson,102,72,18,8,5,4.29
elizabeth_hernandez_554,philadelphia_pa,Elizabeth,Hernandez,226,47,23,14,4,3.16
maria_kim_308,providence_ri,Maria,Kim,17,205,2,33,4,3.56
thomas_washington_408,nashville_tn,Thomas,Washington,194,102,22,46,1,3.05
margaret_baker_681,richmond_va,Margaret,Baker,62,109,10,43,7,4.76
arjun_martinez_306,baltimore_md,Arjun,Martinez,73,187,15,47,2,4.55
christopher_walker_775,grand_rapids_mi,Christopher,Walker,29,73,3,26,4,4.37
margaret_kim_930,orlando_fl,Margaret,Kim,92,121,11,13,2,3.65
hiroshi_torres_283,washington_dc,Hiroshi,Torres,9,140,1,28,5,4.66
kenji_gonzalez_36,salt_lake_city_ut,Kenji,Gonzalez,253,120,27,18,9,4.87
richard_lewis_309,san_antonio_tx,Richard,Lewis,78,15,18,5,4,4.2
michael_garcia_747,charlotte_nc,Michael,Garcia,224,8,26,1,1,4.61
mei_nelson_527,virginia_beach_va,Mei,Nelson,17,38,4,5,1,4.03
sarah_clark_855,minneapolis_mn,Sarah,Clark,68,291,15,45,7,2.42
malik_torres_608,san_diego_ca,Malik,Torres,142,199,18,48,12,3.64
maria_white_684,milwaukee_wi,Maria,White,128,328,23,38,12,2.37
camila_lopez_205,jacksonville_fl,Camila,Lopez,87,103,15,22,5,4.81
richard_allen_368,san_antonio_tx,Richard,Allen,122,91,26,14,3,4.77
hao_williams_561,boston_ma,Hao,Williams,5,166,1,31,1,2.39
daniel_evans_449,los_angeles_ca,Daniel,Evans,30,236,7,46,10,3.47
hao_robinson_164,san_antonio_tx,Hao,Robinson,32,132,4,23,3,4.88
robert_nelson_804,portland_or,Robert,Nelson,6,43,1,7,1,4.02
emily_tran_396,nashville_tn,Emily,Tran,92,401,16,43,10,2.91
ashley_nelson_452,seattle_wa,Ashley,Nelson,153,10,24,1,3,3.05
richard_abdullah_273,austin_tx,Richard,Abdullah,63,232,17,36,3,2.61
nia_clark_826,riverside_ca,Nia,Clark,108,168,20,31,2,3.56
aya_jackson_772,indianapolis_in,Aya,Jackson,5,37,1,8,1,4.81
isabella_scott_419,pittsburgh_pa,Isabella,Scott,17,271,4,46,6,3.88
john_thompson_795,new_york_ny,John,Thompson,60,64,16,8,3,3.32
joseph_hall_30,chicago_il,Joseph,Hall,39,119,10,15,5,3.56
mary_nguyen_316,richmond_va,Mary,Nguyen,290,24,29,3,1,2.97
tanya_scott_254,las_vegas_nv,Tanya,Scott,192,295,24,31,10,2
tyrone_torres_73,louisville_ky,Tyrone,Torres,200,130,23,26,8,4.11
barbara_lewis_922,birmingham_al,Barbara,Lewis,32,297,6,31,3,2.42
lucia_rodriguez_14,new_york_ny,Lucia,Rodriguez,24,140,7,37,2,3.03
hassan_white_249,las_vegas_nv,Hassan,White,185,304,30,50,14,3.29
elizabeth_nelson_731,cleveland_oh,Elizabeth,Nelson,176,46,25,17,5,4.75
sofia_scott_778,san_antonio_tx,Sofia,Scott,108,37,29,10,7,3.19
arjun_robinson_835,las_vegas_nv,Arjun,Robinson,42,107,6,16,2,4.95
takeshi_allen_540,providence_ri,Takeshi,Allen,57,379,8,50,5,3.62
zainab_ramirez_406,grand_rapids_mi,Zainab,Ramirez,52,117,8,36,8,4.57
carlos_jones_151,sacramento_ca,Carlos,Jones,168,98,22,38,12,2.44
john_clark_908,washington_dc,John,Clark,100,455,29,46,5,4.98
luis_baker_891,sacramento_ca,Luis,Baker,178,200,30,31,4,4.11
nia_carter_430,houston_tx,Nia,Carter,66,21,8,8,3,3.87
kenji_washington_963,atlanta_ga,Kenji,Washington,251,121,28,25,4,4.48
layla_martinez_620,new_york_ny,Layla,Martinez,85,53,17,11,5,2.83
isabella_nguyen_279,denver_co,Isabella,Nguyen,90,68,19,9,2,2.44
ling_nguyen_763,detroit_mi,Ling,Nguyen,98,95,19,11,5,3.4
fatima_williams_49,columbus_oh,Fatima,Williams,53,114,6,16,3,2.58
asha_tran_10,san_francisco_ca,Asha,Tran,42,112,9,24,4,3.42
jennifer_martinez_498,atlanta_ga,Jennifer,Martinez,10,31,2,12,1,4.91
dorothy_mohamed_906,cleveland_oh,Dorothy,Mohamed,143,76,21,29,10,2.08
dorothy_perez_739,phoenix_az,Dorothy,Perez,129,226,20,37,5,4.63
mary_garcia_929,boston_ma,Mary,Garcia,238,32,27,5,5,5
latoya_baker_933,virginia_beach_va,Latoya,Baker,18,234,3,24,1,4.12
camila_green_490,riverside_ca,Camila,Green,81,181,17,44,3,3.93
linda_williams_559,kansas_city_mo,Linda,Williams,67,255,13,29,2,2.12
patricia_young_519,san_jose_ca,Patricia,Young,180,7,22,1,3,3.27
matthew_scott_968,denver_co,Matthew,Scott,108,292,30,40,10,2.25
robert_thompson_733,philadelphia_pa,Robert,Thompson,97,122,17,19,6,3.05
mina_williams_449,tampa_fl,Mina,Williams,182,93,22,46,6,2.25
miguel_johnson_725,nashville_tn,Miguel,Johnson,6,92,1,42,2,4
emily_patel_11,st_louis_mo,Emily,Patel,243,310,30,45,4,3.81
mei_white_978,baltimore_md,Mei,White,32,381,6,48,6,3.74
robert_mitchell_894,austin_tx,Robert,Mitchell,137,8,25,1,2,2.16
john_harris_679,washington_dc,John,Harris,176,130,30,18,4,4.73
darnell_parker_965,jacksonville_fl,Darnell,Parker,30,136,7,16,1,4.38
sarah_king_69,boston_ma,Sarah,King,256,301,30,41,9,3.25
michael_ali_287,new_york_ny,Michael,Ali,50,224,5,27,5,3.2
christopher_white_33,kansas_city_mo,Christopher,White,144,98,25,30,10,3.81
asha_johnson_74,dallas_tx,Asha,Johnson,59,37,6,14,3,3.55
kwame_patel_443,miami_fl,Kwame,Patel,24,150,5,19,1,3.23
mei_hassan_397,san_diego_ca,Mei,Hassan,71,234,16,27,2,4.53
miguel_clark_518,jacksonville_fl,Miguel,Clark,19,59,2,28,4,2.32
ana_gonzalez_465,san_jose_ca,Ana,Gonzalez,29,299,3,36,2,2.19
ling_johnson_386,grand_rapids_mi,Ling,Johnson,138,65,20,15,6,3.84
anthony_thompson_281,cleveland_oh,Anthony,Thompson,164,255,17,35,1,2.62
john_gonzalez_275,riverside_ca,John,Gonzalez,16,245,5,31,1,4.38
juan_clark_387,salt_lake_city_ut,Juan,Clark,111,43,17,9,4,3.74
linda_nguyen_100,boston_ma,Linda,Nguyen,82,245,19,28,3,3.57
mei_baker_114,salt_lake_city_ut,Mei,Baker,46,139,7,24,2,4.27
ana_jones_792,las_vegas_nv,Ana,Jones,48,52,8,16,3,3.55
susan_torres_103,riverside_ca,Susan,Torres,51,18,15,4,1,2.72
aya_mitchell_864,raleigh_nc,Aya,Mitchell,114,146,25,24,3,4.97
michael_brown_441,washington_dc,Michael,Brown,50,210,12,41,2,4.33
amanda_ali_605,new_york_ny,Amanda,Ali,125,73,17,23,6,2.93
christopher_ali_604,denver_co,Christopher,Ali,7,231,2,25,3,3.61
yuki_lopez_817,detroit_mi,Yuki,Lopez,66,36,16,5,3,2.12
priya_tran_39,memphis_tn,Priya,Tran,199,216,29,47,8,2.61
ashley_williams_268,columbus_oh,Ashley,Williams,198,136,20,40,6,2.53
robert_adams_868,fresno_ca,Robert,Adams,201,316,29,49,15,2.65
minh_martinez_624,boston_ma,Minh,Martinez,113,30,22,6,5,4.47
robert_adams_170,richmond_va,Robert,Adams,54,19,7,5,1,4.17
yuki_scott_486,san_diego_ca,Yuki,Scott,92,215,10,28,6,3.56
sarah_white_153,richmond_va,Sarah,White,117,150,13,45,3,4.51
hassan_nelson_544,birmingham_al,Hassan,Nelson,74,288,8,41,3,3.11
sarah_brown_275,indianapolis_in,Sarah,Brown,23,297,6,40,6,4.85
maria_robinson_720,dallas_tx,Maria,Robinson,81,182,22,19,7,3.97
malik_ramirez_909,jacksonville_fl,Malik,Ramirez,216,8,25,1,2,2.58
aya_mohamed_255,kansas_city_mo,Aya,Mohamed,207,76,27,15,5,2.64
amanda_jackson_283,milwaukee_wi,Amanda,Jackson,73,160,17,22,3,2.96
michael_washington_13,san_francisco_ca,Michael,Washington,127,173,22,46,9,2.99
isabella_green_240,fresno_ca,Isabella,Green,142,212,24,34,4,4.29
barbara_young_102,denver_co,Barbara,Young,107,92,19,12,1,2
tyrone_walker_565,san_diego_ca,Tyrone,Walker,14,79,3,28,3,4.79
mina_patel_274,fresno_ca,Mina,Patel,208,98,26,29,11,4.3
jason_mitchell_515,san_antonio_tx,Jason,Mitchell,22,64,5,8,2,4.41
joseph_adams_314,miami_fl,Joseph,Adams,280,125,30,44,14,3.37
carlos_washington_236,grand_rapids_mi,Carlos,Washington,240,24,29,4,6,4.07
sarah_williams_749,pittsburgh_pa,Sarah,Williams,35,22,4,9,2,2.62
susan_williams_614,orlando_fl,Susan,Williams,99,183,12,37,7,2.07
isabella_campbell_138,nashville_tn,Isabella,Campbell,15,356,2,45,8,2.02
ana_thompson_930,minneapolis_mn,Ana,Thompson,67,104,14,19,2,2.64
malik_baker_977,minneapolis_mn,Malik,Baker,182,112,19,21,7,2.82
charles_adams_532,columbus_oh,Charles,Adams,21,197,4,42,4,3.67
wei_ramirez_753,fresno_ca,Wei,Ramirez,179,209,23,26,1,2.94
michael_hill_413,tampa_fl,Michael,Hill,106,153,11,27,2,2.89
jose_kim_59,san_jose_ca,Jose,Kim,89,146,10,30,7,4.07
takeshi_campbell_525,baltimore_md,Takeshi,Campbell,181,297,23,36,3,3.27
priya_torres_315,austin_tx,Priya,Torres,39,92,4,24,5,4.62
elizabeth_torres_378,richmond_va,Elizabeth,Torres,55,265,17,28,8,2.4
hana_garcia_716,providence_ri,Hana,Garcia,126,181,20,47,7,2.23
mina_walker_765,orlando_fl,Mina,Walker,49,230,10,48,3,4.95
ahmad_tran_449,fresno_ca,Ahmad,Tran,154,127,27,19,3,3.21
omar_carter_563,charlotte_nc,Omar,Carter,125,406,15,41,1,2.76
john_perez_208,miami_fl,John,Perez,155,116,19,26,9,3.96
imani_perez_514,las_vegas_nv,Imani,Perez,128,132,18,19,3,3.6
emily_adams_50,dallas_tx,Emily,Adams,75,87,22,33,11,3.88
christopher_garcia_902,baltimore_md,Christopher,Garcia,24,72,3,8,1,4.18
wei_washington_873,new_york_ny,Wei,Washington,7,151,2,16,2,3.73
aya_parker_144,charlotte_nc,Aya,Parker,154,135,17,41,11,4.58
mei_hall_297,austin_tx,Mei,Hall,44,167,7,21,1,3.03
zainab_rodriguez_735,jacksonville_fl,Zainab,Rodriguez,103,142,11,15,4,2.85
william_allen_730,boston_ma,William,Allen,35,81,11,19,1,3.71
tanya_washington_963,houston_tx,Tanya,Washington,43,5,6,1,1,3.47
sofia_mohamed_378,san_diego_ca,Sofia,Mohamed,224,97,30,45,9,3.25
camila_king_262,buffalo_ny,Camila,King,189,9,23,1,2,4.98
ahmad_hassan_336,san_diego_ca,Ahmad,Hassan,138,133,24,19,3,2.82
tanya_torres_686,louisville_ky,Tanya,Torres,36,126,6,16,1,3.26
daniel_martinez_543,houston_tx,Daniel,Martinez,31,297,5,43,7,3.18
joseph_garcia_322,cincinnati_oh,Joseph,Garcia,136,53,29,14,1,3.32
anthony_king_807,birmingham_al,Anthony,King,117,138,15,23,2,3.37
minh_harris_550,cleveland_oh,Minh,Harris,115,62,21,16,5,2.95
haruka_ramirez_741,louisville_ky,Haruka,Ramirez,100,147,17,44,3,4.97
carlos_johnson_244,nashville_tn,Carlos,Johnson,139,39,17,5,1,4.04
richard_jones_757,raleigh_nc,Richard,Jones,230,298,23,46,9,4.32
raj_nguyen_556,atlanta_ga,Raj,Nguyen,208,60,23,14,4,3.43
david_adams_299,houston_tx,David,Adams,156,210,27,23,4,3.95
maria_parker_40,san_francisco_ca,Maria,Parker,61,118,11,13,3,4.79
luis_adams_676,san_francisco_ca,Luis,Adams,40,265,4,39,7,3.01
wei_martinez_31,orlando_fl,Wei,Martinez,138,193,17,38,7,3.32
barbara_washington_781,los_angeles_ca,Barbara,Washington,41,67,5,8,1,4.04
priya_jones_387,minneapolis_mn,Priya,Jones,63,201,7,25,1,3.5
mei_kim_169,grand_rapids_mi,Mei,Kim,171,136,28,15,5,4.18
takeshi_martinez_732,san_diego_ca,Takeshi,Martinez,112,10,22,2,4,4.26
dorothy_gonzalez_445,chicago_il,Dorothy,Gonzalez,113,193,23,20,3,2.39
robert_mohamed_959,miami_fl,Robert,Mohamed,117,309,15,36,5,3.66
hana_smith_313,boston_ma,Hana,Smith,164,439,23,44,4,3.04
mina_mohamed_5,denver_co,Mina,Mohamed,262,294,30,47,12,2.66
mina_parker_455,minneapolis_mn,Mina,Parker,85,30,24,8,1,4.88
hana_mohamed_402,los_angeles_ca,Hana,Mohamed,252,194,29,32,3,2.13
fatima_torres_360,atlanta_ga,Fatima,Torres,53,132,7,26,3,3.27
latoya_ramirez_94,pittsburgh_pa,Latoya,Ramirez,139,147,16,41,5,4.91
asha_young_342,providence_ri,Asha,Young,23,192,3,42,7,2.76
juan_walker_921,detroit_mi,Juan,Walker,141,115,19,26,1,4.07
christopher_patel_899,memphis_tn,Christopher,Patel,72,72,8,24,5,4.44
jin_gonzalez_567,salt_lake_city_ut,Jin,Gonzalez,184,52,24,7,3,4.3
james_hassan_23,baltimore_md,James,Hassan,15,228,4,37,2,3.72
aisha_carter_743,louisville_ky,Aisha,Carter,20,148,6,20,1,4.45
joseph_mohamed_621,tampa_fl,Joseph,Mohamed,18,59,5,7,1,2.18
charles_harris_937,grand_rapids_mi,Charles,Harris,15,64,2,9,2,3.21
jamal_thompson_60,oklahoma_city_ok,Jamal,Thompson,22,128,3,48,4,3.62
layla_green_951,orlando_fl,Layla,Green,165,55,24,21,9,4.43
lakshmi_kim_813,nashville_tn,Lakshmi,Kim,90,46,21,5,1,4.94
maria_singh_19,denver_co,Maria,Singh,72,445,20,46,4,2.82
arjun_williams_748,houston_tx,Arjun,Williams,100,249,20,46,11,4.44
luis_khan_64,cincinnati_oh,Luis,Khan,131,122,22,18,8,2.3
keisha_evans_741,los_angeles_ca,Keisha,Evans,71,129,15,15,1,4.57
richard_young_226,virginia_beach_va,Richard,Young,134,96,18,39,1,2.01
minh_abdullah_51,richmond_va,Minh,Abdullah,188,216,29,26,11,3.79
mina_young_500,milwaukee_wi,Mina,Young,121,162,16,26,3,4.82
linda_martinez_176,jacksonville_fl,Linda,Martinez,105,144,25,16,6,2.58
emily_lewis_40,dallas_tx,Emily,Lewis,89,170,11,37,2,4.1
thomas_williams_349,charlotte_nc,Thomas,Williams,26,115,7,22,3,3.56
arjun_lopez_529,pittsburgh_pa,Arjun,Lopez,45,94,6,18,4,3.91
richard_gonzalez_400,providence_ri,Richard,Gonzalez,184,238,20,30,4,3.72
jason_harris_103,washington_dc,Jason,Harris,82,32,18,8,1,2.82
thomas_khan_478,houston_tx,Thomas,Khan,214,52,27,20,4,3.95
imani_williams_629,grand_rapids_mi,Imani,Williams,100,39,10,8,3,3.8
asha_singh_176,las_vegas_nv,Asha,Singh,28,16,4,4,1,4.03
jason_davis_983,minneapolis_mn,Jason,Davis,129,222,30,44,4,3.48
lakshmi_washington_549,tampa_fl,Lakshmi,Washington,125,21,29,7,6,4.41
james_baker_200,philadelphia_pa,James,Baker,157,437,22,46,2,2.84
elizabeth_williams_317,san_francisco_ca,Elizabeth,Williams,167,50,27,8,5,2.47
kenji_ramirez_445,washington_dc,Kenji,Ramirez,143,157,23,19,1,3.34
richard_martinez_610,san_jose_ca,Richard,Martinez,187,92,25,41,4,2.61
lakshmi_lewis_467,virginia_beach_va,Lakshmi,Lewis,105,309,18,47,7,2.14
patricia_johnson_699,miami_fl,Patricia,Johnson,105,65,18,17,5,2.75
ahmad_jones_201,miami_fl,Ahmad,Jones,75,29,8,3,2,4.09
joseph_davis_263,san_antonio_tx,Joseph,Davis,151,256,27,36,12,3.77
patricia_ali_975,richmond_va,Patricia,Ali,35,188,5,21,5,2.39
jessica_gonzalez_789,philadelphia_pa,Jessica,Gonzalez,124,283,13,36,3,3.34
aisha_rodriguez_500,memphis_tn,Aisha,Rodriguez,114,237,23,31,5,4.4
raj_scott_15,denver_co,Raj,Scott,106,141,11,48,7,3.91
amanda_ramirez_561,nashville_tn,Amanda,Ramirez,33,447,4,47,1,4.91
lucia_martinez_1000,raleigh_nc,Lucia,Martinez,89,390,27,47,12,3.9
amanda_mitchell_568,pittsburgh_pa,Amanda,Mitchell,82,86,24,29,6,3.99
amanda_hassan_256,sacramento_ca,Amanda,Hassan,77,457,8,47,1,3.49
mina_ramirez_797,orlando_fl,Mina,Ramirez,76,344,25,44,2,4.47
robert_kim_507,fresno_ca,Robert,Kim,106,93,20,19,6,2.8
nia_hernandez_900,san_francisco_ca,Nia,Hernandez,197,13,29,2,3,4.99
charles_hall_449,minneapolis_mn,Charles,Hall,101,52,23,21,7,4.19
ahmad_walker_939,sacramento_ca,Ahmad,Walker,89,118,10,48,6,4.58
priya_torres_439,philadelphia_pa,Priya,Torres,82,181,11,22,3,2.49
ahmad_jones_606,providence_ri,Ahmad,Jones,118,228,16,48,7,2.45
lakshmi_harris_331,tampa_fl,Lakshmi,Harris,240,213,25,24,2,3.96
daniel_hernandez_109,milwaukee_wi,Daniel,Hernandez,39,40,8,5,1,4.77
robert_gonzalez_766,fresno_ca,Robert,Gonzalez,97,443,10,49,7,2.95
minh_allen_562,new_york_ny,Minh,Allen,27,204,4,39,7,4.58
tyrone_king_668,fresno_ca,Tyrone,King,33,101,4,32,3,3.55
daniel_white_11,austin_tx,Daniel,White,138,234,22,30,1,4.25
susan_brown_518,san_diego_ca,Susan,Brown,171,115,26,17,6,2.21
jennifer_martinez_874,tampa_fl,Jennifer,Martinez,167,33,24,10,4,3.83
keisha_scott_367,columbus_oh,Keisha,Scott,113,13,22,5,5,3.2
jin_hernandez_779,oklahoma_city_ok,Jin,Hernandez,117,328,19,47,12,4.1
isabella_smith_461,philadelphia_pa,Isabella,Smith,180,375,25,44,3,3.93
lucia_jackson_291,richmond_va,Lucia,Jackson,175,221,22,24,7,4.97
tyrone_brown_585,st_louis_mo,Tyrone,Brown,98,374,11,47,9,4.73
juan_torres_637,st_louis_mo,Juan,Torres,68,146,10,31,3,2.27
christopher_smith_733,dallas_tx,Christopher,Smith,11,251,2,50,7,3.88
charles_green_526,new_york_ny,Charles,Green,207,182,30,19,1,4.54
james_ramirez_768,chicago_il,James,Ramirez,230,174,24,33,9,2.26
miguel_evans_962,nashville_tn,Miguel,Evans,26,203,5,23,5,3.87
layla_robinson_479,indianapolis_in,Layla,Robinson,19,34,4,5,1,3.99
asha_nguyen_94,san_diego_ca,Asha,Nguyen,206,348,30,45,2,2.17
hassan_carter_470,louisville_ky,Hassan,Carter,48,38,9,16,5,4.93
camila_hassan_961,indianapolis_in,Camila,Hassan,145,132,19,27,7,4.56
mina_ramirez_988,buffalo_ny,Mina,Ramirez,93,8,25,3,1,4.58
latoya_green_214,fresno_ca,Latoya,Green,83,17,9,6,3,3.37
charles_carter_149,providence_ri,Charles,Carter,101,76,22,20,1,2.98
jessica_kim_628,fresno_ca,Jessica,Kim,296,39,30,4,2,3.18
susan_harris_394,detroit_mi,Susan,Harris,111,93,14,13,4,4.97
darnell_hill_510,kansas_city_mo,Darnell,Hill,257,366,27,45,13,4.37
isabella_johnson_130,indianapolis_in,Isabella,Johnson,175,196,29,45,12,4.65
asha_ramirez_876,seattle_wa,Asha,Ramirez,286,141,29,36,8,2.58
joseph_green_589,atlanta_ga,Joseph,Green,62,68,10,8,2,3.82
tyrone_jackson_727,richmond_va,Tyrone,Jackson,82,421,17,48,4,3.94
luis_kim_312,denver_co,Luis,Kim,134,32,19,8,4,3.38
aya_gonzalez_721,buffalo_ny,Aya,Gonzalez,34,424,4,47,6,3.24
tyrone_thompson_561,detroit_mi,Tyrone,Thompson,193,5,28,2,6,3.59
sofia_hall_478,san_francisco_ca,Sofia,Hall,64,404,13,50,5,4.59
william_king_267,seattle_wa,William,King,47,60,11,27,4,4.48
maria_garcia_191,atlanta_ga,Maria,Garcia,124,57,16,15,6,2.86
jin_baker_48,kansas_city_mo,Jin,Baker,27,217,4,24,1,2.27
hiroshi_baker_32,cleveland_oh,Hiroshi,Baker,195,185,21,48,8,3.12
charles_gonzalez_840,minneapolis_mn,Charles,Gonzalez,181,368,20,39,8,2.17
latoya_nelson_186,st_louis_mo,Latoya,Nelson,95,18,16,3,1,4.75
mary_harris_16,columbus_oh,Mary,Harris,42,191,10,21,5,3.82
elizabeth_jones_536,washington_dc,Elizabeth,Jones,82,19,13,3,2,2.92
minh_rodriguez_451,las_vegas_nv,Minh,Rodriguez,208,32,22,11,2,3.35
tyrone_robinson_873,austin_tx,Tyrone,Robinson,129,328,20,34,10,2.31
daniel_lopez_224,phoenix_az,Daniel,Lopez,168,22,23,3,4,3.03
layla_williams_639,miami_fl,Layla,Williams,154,301,16,46,5,4.77
minh_kim_875,jacksonville_fl,Minh,Kim,232,265,24,35,4,4.28
richard_ramirez_315,miami_fl,Richard,Ramirez,122,57,21,7,5,2.56
charles_evans_796,san_francisco_ca,Charles,Evans,138,220,20,36,9,2.28
minh_evans_385,riverside_ca,Minh,Evans,126,104,23,29,2,2.34
amanda_washington_398,denver_co,Amanda,Washington,83,27,10,4,1,3.94
darnell_davis_941,grand_rapids_mi,Darnell,Davis,73,184,14,21,1,2.88
miguel_mitchell_547,oklahoma_city_ok,Miguel,Mitchell,62,87,10,14,3,2.31
mary_nguyen_434,louisville_ky,Mary,Nguyen,21,6,6,1,1,2.95
hiroshi_adams_884,columbus_oh,Hiroshi,Adams,208,189,27,26,4,4.24
hao_williams_157,richmond_va,Hao,Williams,135,162,20,46,12,3.99
jose_rodriguez_557,st_louis_mo,Jose,Rodriguez,57,107,7,42,1,4.38
christopher_hernandez_92,washington_dc,Christopher,Hernandez,47,182,13,19,6,2.34
fatima_ramirez_498,memphis_tn,Fatima,Ramirez,90,95,11,16,5,4.03
carlos_lewis_873,pittsburgh_pa,Carlos,Lewis,146,309,18,47,11,3.27
barbara_garcia_316,charlotte_nc,Barbara,Garcia,110,301,17,33,6,2.15
sanjay_davis_396,atlanta_ga,Sanjay,Davis,54,301,17,40,2,2.68
raj_martinez_495,san_jose_ca,Raj,Martinez,282,26,29,3,1,3.91
robert_evans_949,new_york_ny,Robert,Evans,28,163,4,29,5,4.18
emily_patel_631,nashville_tn,Emily,Patel,101,98,20,44,5,3.64
mina_nelson_492,san_diego_ca,Mina,Nelson,185,354,20,50,13,3.15
daniel_mohamed_785,san_diego_ca,Daniel,Mohamed,71,84,14,14,5,2.07
priya_ramirez_624,new_york_ny,Priya,Ramirez,134,15,15,4,2,2.61
maria_young_351,salt_lake_city_ut,Maria,Young,110,284,13,50,4,3.46
linda_carter_866,milwaukee_wi,Linda,Carter,76,243,17,44,8,2.73
thomas_ramirez_707,miami_fl,Thomas,Ramirez,226,35,24,4,2,3.89
hiroshi_baker_795,dallas_tx,Hiroshi,Baker,66,194,9,33,2,3.71
barbara_lopez_889,columbus_oh,Barbara,Lopez,107,286,12,32,6,4.5
richard_singh_544,atlanta_ga,Richard,Singh,101,383,11,44,2,4.04
james_mitchell_784,oklahoma_city_ok,James,Mitchell,119,154,22,21,1,3.29
amanda_ramirez_588,san_jose_ca,Amanda,Ramirez,16,196,5,24,1,3.63
ling_evans_478,san_jose_ca,Ling,Evans,120,191,23,30,4,4.46
takeshi_tran_259,orlando_fl,Takeshi,Tran,155,287,18,30,8,4.08
margaret_green_54,memphis_tn,Margaret,Green,54,373,15,50,9,2.5
charles_davis_74,st_louis_mo,Charles,Davis,46,39,5,8,2,3.32
jennifer_ali_41,buffalo_ny,Jennifer,Ali,97,191,20,25,7,4.44
mei_parker_700,san_francisco_ca,Mei,Parker,127,60,13,23,7,4.14
wei_jones_937,louisville_ky,Wei,Jones,117,368,14,50,8,4.97
jason_johnson_119,memphis_tn,Jason,Johnson,73,213,16,42,2,3.34
mina_carter_615,tampa_fl,Mina,Carter,236,427,26,43,8,3.49
zainab_gonzalez_408,seattle_wa,Zainab,Gonzalez,50,329,6,33,6,3.01
luis_perez_521,jacksonville_fl,Luis,Perez,121,113,27,46,11,3.4
luis_gonzalez_284,birmingham_al,Luis,Gonzalez,109,34,14,5,1,2.17
mina_tran_256,virginia_beach_va,Mina,Tran,180,124,19,14,1,2.24
darnell_mitchell_562,louisville_ky,Darnell,Mitchell,69,98,18,10,5,2.69
ahmad_garcia_535,milwaukee_wi,Ahmad,Garcia,6,276,1,34,4,2.88
jennifer_martinez_452,jacksonville_fl,Jennifer,Martinez,43,93,12,32,7,2.55
amanda_lewis_461,san_antonio_tx,Amanda,Lewis,31,112,4,34,4,2.61
hana_hall_914,atlanta_ga,Hana,Hall,149,112,16,28,4,4.05
ling_baker_297,fresno_ca,Ling,Baker,89,134,18,43,4,3.9
latoya_davis_307,atlanta_ga,Latoya,Davis,236,97,27,36,5,2.46
ahmad_campbell_232,seattle_wa,Ahmad,Campbell,140,178,21,30,7,3.84
maria_clark_358,milwaukee_wi,Maria,Clark,164,377,27,38,8,2.64
jennifer_torres_363,grand_rapids_mi,Jennifer,Torres,78,196,9,24,6,2.07
ling_robinson_117,louisville_ky,Ling,Robinson,127,90,13,24,7,2.7
hana_williams_35,cincinnati_oh,Hana,Williams,112,190,16,21,4,3.45
john_abdullah_203,san_jose_ca,John,Abdullah,202,40,21,7,4,4.09
maria_hill_669,los_angeles_ca,Maria,Hill,34,28,5,10,2,2.83
sarah_ramirez_313,buffalo_ny,Sarah,Ramirez,65,213,20,44,12,2.86
mohammed_ali_86,denver_co,Mohammed,Ali,169,331,18,38,5,3.85
daniel_lewis_35,philadelphia_pa,Daniel,Lewis,42,196,5,23,1,4.11
aya_hernandez_489,austin_tx,Aya,Hernandez,103,74,28,26,3,3.13
imani_allen_200,seattle_wa,Imani,Allen,146,59,20,9,5,4.6
aya_kim_578,st_louis_mo,Aya,Kim,69,67,13,14,2,2.25
miguel_clark_155,st_louis_mo,Miguel,Clark,261,112,28,29,3,2.5
james_jackson_628,riverside_ca,James,Jackson,138,237,17,34,9,4.45
mary_baker_779,jacksonville_fl,Mary,Baker,209,43,25,18,5,3.37
sarah_carter_702,richmond_va,Sarah,Carter,57,243,11,32,7,3
zainab_evans_989,miami_fl,Zainab,Evans,224,242,27,43,3,2.01
tyrone_thompson_891,riverside_ca,Tyrone,Thompson,16,313,5,40,1,2.92
david_nguyen_46,birmingham_al,David,Nguyen,36,147,9,39,8,3.33
aya_patel_567,portland_or,Aya,Patel,96,131,16,23,3,4.23
thomas_rodriguez_514,fresno_ca,Thomas,Rodriguez,68,136,10,39,2,2.08
lucia_clark_4,cleveland_oh,Lucia,Clark,46,38,11,14,4,4.54
mary_clark_338,raleigh_nc,Mary,Clark,130,55,18,24,2,2.57
asha_khan_413,grand_rapids_mi,Asha,Khan,176,145,24,44,6,4.91
james_patel_734,jacksonville_fl,James,Patel,97,88,10,11,4,2.98
carlos_garcia_865,miami_fl,Carlos,Garcia,29,161,3,35,5,3.55
carlos_patel_253,seattle_wa,Carlos,Patel,41,228,7,35,5,4.36
mary_jones_845,providence_ri,Mary,Jones,82,41,14,19,5,2.46
juan_lopez_440,san_francisco_ca,Juan,Lopez,31,30,4,4,1,3.05
miguel_king_193,los_angeles_ca,Miguel,King,188,248,23,48,11,2.98
priya_hassan_439,grand_rapids_mi,Priya,Hassan,127,120,29,37,12,2.2
amanda_gonzalez_142,seattle_wa,Amanda,Gonzalez,60,388,7,47,7,2.78
imani_thompson_24,buffalo_ny,Imani,Thompson,230,409,25,46,10,2.18
michael_torres_404,philadelphia_pa,Michael,Torres,37,36,11,9,1,3.56
minh_ali_53,kansas_city_mo,Minh,Ali,35,64,10,11,3,2.42
susan_garcia_121,jacksonville_fl,Susan,Garcia,93,300,14,40,3,2.99
keisha_torres_908,orlando_fl,Keisha,Torres,141,123,23,23,8,4.51
tanya_white_799,tampa_fl,Tanya,White,100,23,19,4,4,3.4
zainab_garcia_38,cincinnati_oh,Zainab,Garcia,7,262,1,33,5,4.57
camila_hill_390,los_angeles_ca,Camila,Hill,144,261,24,37,11,3.36
raj_washington_236,buffalo_ny,Raj,Washington,146,120,30,13,4,2.94
dorothy_ramirez_987,las_vegas_nv,Dorothy,Ramirez,231,295,28,31,1,3.15
raj_gonzalez_428,san_antonio_tx,Raj,Gonzalez,91,53,24,12,4,3.94
omar_jones_349,philadelphia_pa,Omar,Jones,86,308,13,35,8,4
darnell_king_828,portland_or,Darnell,King,219,191,23,32,5,2.07
jessica_evans_748,pittsburgh_pa,Jessica,Evans,66,26,11,3,2,3.35
sofia_campbell_790,seattle_wa,Sofia,Campbell,32,32,6,6,1,4.39
malik_campbell_688,buffalo_ny,Malik,Campbell,56,40,12,4,2,3.86
michael_nelson_34,baltimore_md,Michael,Nelson,28,109,6,14,3,3.1
anthony_lewis_479,salt_lake_city_ut,Anthony,Lewis,40,428,10,45,11,4.55
tyrone_nguyen_559,buffalo_ny,Tyrone,Nguyen,60,455,17,50,9,2.94
asha_scott_728,detroit_mi,Asha,Scott,185,86,29,13,7,2.99
susan_campbell_71,san_francisco_ca,Susan,Campbell,124,75,15,8,4,3.68
jason_nguyen_698,pittsburgh_pa,Jason,Nguyen,182,56,28,20,8,3.53
ashley_jones_464,louisville_ky,Ashley,Jones,70,265,14,33,2,3.94
thomas_rodriguez_404,washington_dc,Thomas,Rodriguez,232,69,29,12,1,3.74
michael_tran_599,pittsburgh_pa,Michael,Tran,210,127,25,20,5,2.48
elizabeth_lopez_67,san_antonio_tx,Elizabeth,Lopez,103,126,16,17,1,4.95
yuki_jackson_457,miami_fl,Yuki,Jackson,49,70,6,10,1,4.71
hassan_hernandez_342,san_diego_ca,Hassan,Hernandez,147,66,28,13,4,4.61
matthew_allen_797,kansas_city_mo,Matthew,Allen,104,7,17,1,3,2.5
elizabeth_singh_811,las_vegas_nv,Elizabeth,Singh,82,24,11,10,3,4.93
zainab_ali_566,philadelphia_pa,Zainab,Ali,158,247,19,30,8,3.57
jose_lewis_21,detroit_mi,Jose,Lewis,12,28,2,8,2,4.87
mary_baker_972,boston_ma,Mary,Baker,245,120,28,48,14,4.99
mei_hall_443,los_angeles_ca,Mei,Hall,62,40,10,6,3,3.81
hassan_walker_873,san_antonio_tx,Hassan,Walker,38,182,4,35,5,2.76
daniel_walker_680,san_diego_ca,Daniel,Walker,86,197,19,30,2,2.27
mary_parker_752,riverside_ca,Mary,Parker,9,156,1,20,4,2.78
kenji_parker_198,buffalo_ny,Kenji,Parker,190,236,30,47,9,2.61
amanda_lopez_372,riverside_ca,Amanda,Lopez,202,6,23,1,4,4.04
yuki_rodriguez_283,columbus_oh,Yuki,Rodriguez,114,42,15,5,2,2.03
yuki_adams_285,portland_or,Yuki,Adams,249,28,26,10,6,2.19
hassan_garcia_655,detroit_mi,Hassan,Garcia,208,189,26,45,6,2.08
richard_harris_829,phoenix_az,Richard,Harris,205,62,28,25,7,4.75
latoya_walker_552,denver_co,Latoya,Walker,68,17,21,4,2,3.97
daniel_clark_439,chicago_il,Daniel,Clark,83,380,12,42,5,2.86
haruka_torres_605,tampa_fl,Haruka,Torres,178,27,26,3,3,3.85
kwame_nelson_860,seattle_wa,Kwame,Nelson,95,338,12,44,3,4.24
hiroshi_baker_812,cincinnati_oh,Hiroshi,Baker,120,384,21,49,8,3.05
robert_kim_914,oklahoma_city_ok,Robert,Kim,11,27,2,3,1,3.48
jose_ramirez_335,tampa_fl,Jose,Ramirez,164,116,19,12,3,5
james_king_382,philadelphia_pa,James,King,141,83,23,14,2,2.4
lakshmi_johnson_141,milwaukee_wi,Lakshmi,Johnson,26,125,3,25,1,4.74
ashley_hernandez_333,san_antonio_tx,Ashley,Hernandez,67,214,8,28,6,2.73
matthew_rodriguez_166,baltimore_md,Matthew,Rodriguez,142,76,28,22,9,2.68
hassan_campbell_258,kansas_city_mo,Hassan,Campbell,94,217,16,49,8,2.19
jennifer_williams_107,chicago_il,Jennifer,Williams,42,102,5,28,4,3.97
john_walker_849,richmond_va,John,Walker,7,290,1,41,7,4.88
kwame_patel_238,atlanta_ga,Kwame,Patel,33,45,9,18,3,4.23
jose_smith_446,san_diego_ca,Jose,Smith,137,7,28,1,2,3.69
robert_khan_216,cincinnati_oh,Robert,Khan,65,88,13,22,5,4.75
raj_gonzalez_532,nashville_tn,Raj,Gonzalez,132,5,26,1,3,4.94
richard_young_275,minneapolis_mn,Richard,Young,155,8,21,1,1,3.13
ashley_smith_180,raleigh_nc,Ashley,Smith,17,29,4,11,3,2.48
maria_evans_20,raleigh_nc,Maria,Evans,168,53,28,11,5,4.93
hassan_lewis_806,miami_fl,Hassan,Lewis,124,102,24,32,9,2.5
wei_rodriguez_279,san_diego_ca,Wei,Rodriguez,5,101,1,11,1,3.74
yuki_lewis_798,boston_ma,Yuki,Lewis,116,313,14,44,10,2.75
patricia_carter_732,riverside_ca,Patricia,Carter,151,256,16,35,8,4.06
jessica_hall_530,phoenix_az,Jessica,Hall,265,180,28,49,6,2.57
hao_davis_899,seattle_wa,Hao,Davis,94,135,12,15,2,3.64
hassan_washington_575,birmingham_al,Hassan,Washington,133,93,19,31,8,3.4
matthew_campbell_115,riverside_ca,Matthew,Campbell,25,374,3,42,8,2.91
sarah_ramirez_872,louisville_ky,Sarah,Ramirez,77,72,9,22,6,3.95
matthew_garcia_514,houston_tx,Matthew,Garcia,26,471,3,50,1,3.57
mei_ali_590,cincinnati_oh,Mei,Ali,46,67,6,16,3,4.26
latoya_patel_345,philadelphia_pa,Latoya,Patel,226,28,23,6,2,2.29
miguel_green_994,fresno_ca,Miguel,Green,240,46,28,20,1,2.76
amanda_young_904,riverside_ca,Amanda,Young,91,139,21,50,9,3.45
haruka_johnson_957,phoenix_az,Haruka,Johnson,24,25,3,3,1,4.48
dorothy_smith_529,atlanta_ga,Dorothy,Smith,158,229,25,23,5,3.34
mina_johnson_715,cincinnati_oh,Mina,Johnson,8,65,1,27,5,4.16
jose_singh_764,dallas_tx,Jose,Singh,7,166,2,20,3,4.31
tanya_hill_978,baltimore_md,Tanya,Hill,94,157,13,43,7,3.34
omar_king_586,oklahoma_city_ok,Omar,King,91,20,10,5,2,2
joseph_tran_727,pittsburgh_pa,Joseph,Tran,33,295,4,48,8,2.85
barbara_thompson_204,miami_fl,Barbara,Thompson,72,144,11,26,2,2.08
arjun_garcia_648,virginia_beach_va,Arjun,Garcia,68,229,11,29,7,3.36
barbara_nelson_205,washington_dc,Barbara,Nelson,49,80,10,11,4,3.08
jamal_hernandez_651,st_louis_mo,Jamal,Hernandez,124,24,18,7,3,3.7
sofia_smith_808,phoenix_az,Sofia,Smith,130,66,20,19,4,2.07
matthew_ramirez_718,phoenix_az,Matthew,Ramirez,61,77,13,30,5,3.12
jin_scott_696,san_francisco_ca,Jin,Scott,55,72,8,12,3,3.39
emily_green_216,virginia_beach_va,Emily,Green,48,48,9,19,1,2.23
carlos_abdullah_801,salt_lake_city_ut,Carlos,Abdullah,145,145,28,42,3,2.97
richard_nelson_991,buffalo_ny,Richard,Nelson,4,277,1,39,5,2.97
priya_singh_642,atlanta_ga,Priya,Singh,105,90,14,9,3,3.66
patricia_hall_86,cincinnati_oh,Patricia,Hall,64,221,20,33,6,4.26
jin_king_345,new_york_ny,Jin,King,105,73,17,15,6,2.25
malik_kim_810,kansas_city_mo,Malik,Kim,101,85,17,27,1,2.61
susan_kim_381,boston_ma,Susan,Kim,61,138,8,41,2,2.58
priya_baker_429,indianapolis_in,Priya,Baker,212,141,27,25,1,4.44
amanda_hall_30,sacramento_ca,Amanda,Hall,157,10,21,2,4,3.01
layla_baker_776,minneapolis_mn,Layla,Baker,126,209,19,24,4,2.49
jennifer_garcia_535,los_angeles_ca,Jennifer,Garcia,150,333,18,37,8,2.49
james_garcia_144,minneapolis_mn,James,Garcia,70,44,8,13,4,3.96
david_thompson_168,fresno_ca,David,Thompson,78,206,9,26,5,2.33
james_ramirez_563,charlotte_nc,James,Ramirez,197,159,27,48,7,2.46
raj_washington_984,houston_tx,Raj,Washington,41,50,10,6,2,3.74
kwame_jackson_770,detroit_mi,Kwame,Jackson,105,334,14,40,9,4.01
margaret_hall_584,tampa_fl,Margaret,Hall,110,136,19,24,2,4.67
jamal_johnson_333,san_jose_ca,Jamal,Johnson,118,10,14,3,2,3.63
arjun_garcia_918,chicago_il,Arjun,Garcia,54,317,11,34,5,4.41
emily_kim_494,san_jose_ca,Emily,Kim,185,65,20,12,6,3.86
lakshmi_williams_238,jacksonville_fl,Lakshmi,Williams,211,443,23,47,10,3.47
david_singh_656,washington_dc,David,Singh,142,45,22,15,4,4.77
michael_williams_841,denver_co,Michael,Williams,212,105,25,30,1,4.63
mina_walker_353,las_vegas_nv,Mina,Walker,183,370,27,48,6,4.29
sofia_thompson_123,chicago_il,Sofia,Thompson,10,134,1,20,3,3.72
carlos_young_28,riverside_ca,Carlos,Young,99,101,30,44,7,4.27
minh_harris_725,tampa_fl,Minh,Harris,89,77,17,34,8,3.09
elizabeth_hill_669,houston_tx,Elizabeth,Hill,76,29,17,6,2,4.5
mei_gonzalez_602,providence_ri,Mei,Gonzalez,222,161,27,48,7,2.74
haruka_smith_56,san_francisco_ca,Haruka,Smith,18,242,2,49,4,4.95
aisha_washington_804,san_antonio_tx,Aisha,Washington,76,341,15,38,7,3.46
ali_hall_3,cleveland_oh,Ali,Hall,10,309,1,33,2,2.04
luis_martinez_543,grand_rapids_mi,Luis,Martinez,32,247,10,26,2,2.82
miguel_williams_122,orlando_fl,Miguel,Williams,259,113,27,25,10,3.33
matthew_evans_855,san_diego_ca,Matthew,Evans,38,399,11,46,3,2.82
tanya_mitchell_416,chicago_il,Tanya,Mitchell,114,106,15,27,3,2.51
aya_jackson_340,kansas_city_mo,Aya,Jackson,78,37,26,4,4,3.2
ling_harris_879,minneapolis_mn,Ling,Harris,203,163,25,24,5,4.57
haruka_ali_211,san_diego_ca,Haruka,Ali,146,171,24,46,4,3.17
omar_adams_646,denver_co,Omar,Adams,55,147,7,28,6,4.71
hassan_mohamed_220,denver_co,Hassan,Mohamed,111,314,16,41,11,2.62
lucia_nelson_231,dallas_tx,Lucia,Nelson,200,10,23,2,4,2.5
thomas_nelson_153,houston_tx,Thomas,Nelson,137,98,17,34,8,4.78
kenji_abdullah_855,phoenix_az,Kenji,Abdullah,96,79,12,19,2,3.81
luis_mitchell_992,detroit_mi,Luis,Mitchell,137,139,15,43,5,4.18
zainab_young_562,riverside_ca,Zainab,Young,40,116,8,19,3,2.33
patricia_jackson_780,birmingham_al,Patricia,Jackson,30,157,6,16,1,2.28
anthony_parker_1000,riverside_ca,Anthony,Parker,93,24,10,10,3,2.45
ana_ramirez_788,austin_tx,Ana,Ramirez,69,141,10,31,3,3.96
robert_jones_846,boston_ma,Robert,Jones,83,201,13,35,8,3.23
anthony_ramirez_923,virginia_beach_va,Anthony,Ramirez,147,42,19,9,2,3
susan_scott_489,houston_tx,Susan,Scott,291,96,30,26,11,4.49
asha_smith_149,raleigh_nc,Asha,Smith,4,17,1,2,,
sofia_nelson_918,fresno_ca,Sofia,Nelson,138,65,18,18,6,2.62
keisha_hill_204,indianapolis_in,Keisha,Hill,78,77,8,21,2,4.68
kenji_allen_724,atlanta_ga,Kenji,Allen,63,114,7,26,5,4.91
juan_baker_280,minneapolis_mn,Juan,Baker,19,216,3,28,6,2.43
hassan_harris_645,fresno_ca,Hassan,Harris,120,69,16,8,4,4.62
lucia_patel_846,baltimore_md,Lucia,Patel,103,256,20,27,7,2.4
zainab_king_345,sacramento_ca,Zainab,King,43,215,6,27,1,2.52
hassan_perez_155,san_francisco_ca,Hassan,Perez,25,25,3,3,1,2.65
layla_lewis_939,dallas_tx,Layla,Lewis,127,61,21,10,2,2.37
jin_torres_437,indianapolis_in,Jin,Torres,46,23,9,5,1,4.57
mary_campbell_436,chicago_il,Mary,Campbell,19,156,6,40,8,3.07
lakshmi_davis_685,st_louis_mo,Lakshmi,Davis,148,98,16,14,2,2.61
zainab_harris_560,san_antonio_tx,Zainab,Harris,50,111,6,32,5,3.17
keisha_walker_447,denver_co,Keisha,Walker,125,400,19,48,4,4.06
jin_campbell_783,philadelphia_pa,Jin,Campbell,169,102,25,45,10,4.15
nia_nelson_101,salt_lake_city_ut,Nia,Nelson,21,87,4,20,3,3.96
lucia_king_442,louisville_ky,Lucia,King,22,29,7,11,2,4.71
juan_allen_925,riverside_ca,Juan,Allen,277,85,30,9,1,2.61
jessica_parker_256,portland_or,Jessica,Parker,114,88,13,22,2,2.11
sofia_singh_250,indianapolis_in,Sofia,Singh,31,367,8,37,5,2.36
malik_ramirez_834,sacramento_ca,Malik,Ramirez,41,109,10,21,5,3.34
keisha_mitchell_474,detroit_mi,Keisha,Mitchell,29,78,7,28,6,2.78
aya_gonzalez_760,buffalo_ny,Aya,Gonzalez,76,138,9,19,4,4.14
susan_walker_571,grand_rapids_mi,Susan,Walker,156,30,25,11,3,2.65
thomas_ramirez_900,new_york_ny,Thomas,Ramirez,19,14,2,2,,
ebony_lopez_297,los_angeles_ca,Ebony,Lopez,10,273,2,32,3,4.31
lucia_williams_800,cincinnati_oh,Lucia,Williams,90,59,18,6,3,3.05
amanda_nguyen_78,grand_rapids_mi,Amanda,Nguyen,98,209,28,24,1,3.76
kwame_adams_532,detroit_mi,Kwame,Adams,76,87,8,34,4,4.11
yuki_white_832,riverside_ca,Yuki,White,188,100,20,15,7,2.94
zainab_washington_579,memphis_tn,Zainab,Washington,67,34,7,14,2,4.47
nia_baker_810,oklahoma_city_ok,Nia,Baker,100,68,19,17,6,3.6
imani_hill_63,houston_tx,Imani,Hill,138,107,22,16,1,3.5
david_nelson_259,orlando_fl,David,Nelson,116,37,21,12,6,4.62
lakshmi_young_759,baltimore_md,Lakshmi,Young,124,236,17,46,11,2.52
hiroshi_adams_861,detroit_mi,Hiroshi,Adams,144,101,21,21,1,3.65
keisha_smith_228,los_angeles_ca,Keisha,Smith,152,106,28,28,2,4.49
anthony_jones_939,riverside_ca,Anthony,Jones,95,406,27,44,7,4.63
yuki_scott_414,riverside_ca,Yuki,Scott,176,27,29,13,1,2.89
latoya_singh_272,charlotte_nc,Latoya,Singh,31,306,8,37,4,4.58
tanya_smith_209,las_vegas_nv,Tanya,Smith,68,83,12,39,5,3.74
mary_campbell_694,richmond_va,Mary,Campbell,188,123,19,21,7,3.35
haruka_ali_501,milwaukee_wi,Haruka,Ali,125,48,28,15,7,3
emily_hernandez_789,indianapolis_in,Emily,Hernandez,100,75,28,37,10,2.67
latoya_evans_846,charlotte_nc,Latoya,Evans,73,274,13,33,8,2.65
dorothy_hall_642,salt_lake_city_ut,Dorothy,Hall,33,177,5,33,4,3.84
sanjay_scott_142,oklahoma_city_ok,Sanjay,Scott,60,333,9,35,5,2.16
omar_adams_729,indianapolis_in,Omar,Adams,27,186,3,39,5,4.65
margaret_parker_125,louisville_ky,Margaret,Parker,7,431,2,46,9,2.45
aisha_nelson_239,austin_tx,Aisha,Nelson,68,396,7,48,6,2.17
michael_hill_333,new_york_ny,Michael,Hill,140,194,21,33,6,4.46
barbara_baker_968,san_jose_ca,Barbara,Baker,74,88,11,10,4,3.76
juan_allen_873,seattle_wa,Juan,Allen,92,3,17,1,2,4.59
camila_hill_63,atlanta_ga,Camila,Hill,243,46,28,5,1,4.09
emily_williams_273,oklahoma_city_ok,Emily,Williams,35,219,9,24,2,2.63
hiroshi_parker_387,fresno_ca,Hiroshi,Parker,10,461,1,48,1,2.32
keisha_campbell_177,oklahoma_city_ok,Keisha,Campbell,126,49,28,11,3,2
david_abdullah_814,seattle_wa,David,Abdullah,32,215,4,23,4,4.41
barbara_harris_351,raleigh_nc,Barbara,Harris,44,65,5,12,1,3.83
malik_evans_912,las_vegas_nv,Malik,Evans,85,219,16,43,7,4.22
zainab_lewis_426,cincinnati_oh,Zainab,Lewis,71,272,10,31,6,2.91
hassan_garcia_18,virginia_beach_va,Hassan,Garcia,57,21,16,3,2,4.34
haruka_ramirez_3,oklahoma_city_ok,Haruka,Ramirez,125,19,24,3,3,3.91
elizabeth_torres_706,indianapolis_in,Elizabeth,Torres,62,47,10,6,2,3.76
arjun_kim_44,austin_tx,Arjun,Kim,20,66,3,22,2,3.23
jose_mitchell_887,philadelphia_pa,Jose,Mitchell,141,217,15,35,6,2.35
ana_green_25,cleveland_oh,Ana,Green,92,422,11,43,2,4.87
luis_mohamed_915,st_louis_mo,Luis,Mohamed,7,387,2,47,4,3.84
ana_evans_877,dallas_tx,Ana,Evans,17,16,5,5,2,3.59
mina_kim_869,nashville_tn,Mina,Kim,18,216,4,46,3,2.23
imani_white_686,boston_ma,Imani,White,211,217,23,28,6,4.8
john_kim_848,boston_ma,John,Kim,137,18,20,2,4,3.19
elizabeth_gonzalez_985,baltimore_md,Elizabeth,Gonzalez,191,190,30,26,5,3.4
zainab_jackson_457,philadelphia_pa,Zainab,Jackson,47,190,7,30,1,4.94
ebony_mohamed_932,tampa_fl,Ebony,Mohamed,173,295,30,42,6,3.32
ana_lopez_386,louisville_ky,Ana,Lopez,106,33,17,15,1,3.49
carlos_torres_25,birmingham_al,Carlos,Torres,167,271,17,37,2,4.14
linda_jackson_955,birmingham_al,Linda,Jackson,137,232,23,34,7,4.28
arjun_campbell_251,boston_ma,Arjun,Campbell,25,17,6,5,1,3.4
mohammed_lopez_966,columbus_oh,Mohammed,Lopez,129,12,26,2,3,2.69
charles_martinez_728,columbus_oh,Charles,Martinez,55,191,6,20,3,2.43
yuki_smith_21,philadelphia_pa,Yuki,Smith,49,36,5,9,2,3.93
ashley_adams_313,sacramento_ca,Ashley,Adams,219,182,23,41,12,2.78
matthew_white_444,san_diego_ca,Matthew,White,273,32,29,5,4,2.93
william_tran_41,orlando_fl,William,Tran,295,96,30,10,5,3.34
hana_king_969,san_antonio_tx,Hana,King,162,54,25,9,1,3.05
miguel_martinez_356,riverside_ca,Miguel,Martinez,48,118,12,24,2,3.45
juan_adams_759,pittsburgh_pa,Juan,Adams,128,12,18,5,2,3.84
layla_washington_322,san_diego_ca,Layla,Washington,205,151,22,17,6,3.3
fatima_torres_23,riverside_ca,Fatima,Torres,51,389,15,39,7,2.65
asha_perez_333,philadelphia_pa,Asha,Perez,99,198,17,30,7,2.54
robert_brown_358,grand_rapids_mi,Robert,Brown,106,43,12,9,4,4.13
darnell_young_634,washington_dc,Darnell,Young,24,236,4,45,4,3.22
lucia_scott_918,san_antonio_tx,Lucia,Scott,191,20,21,5,3,2.29
thomas_young_314,san_francisco_ca,Thomas,Young,133,39,16,15,4,3.27
ebony_perez_993,kansas_city_mo,Ebony,Perez,102,81,25,28,2,3.48
luis_davis_562,louisville_ky,Luis,Davis,121,120,21,36,10,2.09
thomas_perez_541,memphis_tn,Thomas,Perez,9,170,2,18,3,3.75
dorothy_brown_233,atlanta_ga,Dorothy,Brown,34,27,10,3,2,2.38
mohammed_campbell_633,salt_lake_city_ut,Mohammed,Campbell,135,92,14,14,1,3.19
michael_green_191,riverside_ca,Michael,Green,141,88,16,12,3,3.5
fatima_evans_540,kansas_city_mo,Fatima,Evans,195,282,28,40,10,3.25
kwame_ramirez_69,san_jose_ca,Kwame,Ramirez,138,265,21,42,6,4.99
keisha_campbell_924,richmond_va,Keisha,Campbell,160,38,17,8,3,2.53
william_scott_831,kansas_city_mo,William,Scott,22,231,5,33,2,3.05
dorothy_khan_218,baltimore_md,Dorothy,Khan,154,154,25,44,4,3.48
juan_nguyen_772,oklahoma_city_ok,Juan,Nguyen,37,401,9,47,2,3.13
daniel_ali_824,portland_or,Daniel,Ali,11,130,2,36,5,2.75
mei_parker_844,louisville_ky,Mei,Parker,153,55,21,21,8,4.99
patricia_green_308,providence_ri,Patricia,Green,9,173,1,29,5,4.72
christopher_rodriguez_762,boston_ma,Christopher,Rodriguez,28,77,9,12,2,3.88
minh_brown_823,fresno_ca,Minh,Brown,117,122,18,19,4,4.57
miguel_ramirez_448,fresno_ca,Miguel,Ramirez,45,247,6,30,3,4.65
jin_hall_684,miami_fl,Jin,Hall,193,278,21,43,9,4.74
lucia_lopez_617,dallas_tx,Lucia,Lopez,157,115,25,32,1,4.32
patricia_jackson_374,san_jose_ca,Patricia,Jackson,217,32,23,10,3,2.36
william_clark_692,milwaukee_wi,William,Clark,150,130,24,16,1,2.58
daniel_carter_403,providence_ri,Daniel,Carter,110,99,20,12,6,3.66
layla_lewis_677,dallas_tx,Layla,Lewis,46,6,10,2,1,2.92
asha_jones_31,st_louis_mo,Asha,Jones,113,27,29,9,5,2.65
keisha_hassan_884,cincinnati_oh,Keisha,Hassan,5,137,1,34,4,2.57
william_ramirez_985,pittsburgh_pa,William,Ramirez,6,193,1,30,1,4.51
